bucket,mean_delay
High,14.8
Low,17.78472222222222
Med,17.33333
